X,Z,Phi,Theta0,Theta1,GoalX,GoalZ,GoalAlpha,EndptX,EndptZ,EndptAlpha
0.342286819948109,0.885575287589301,-1.99882749398979,4.33454444890845,-5.5907666702932,0.6,0.605,0,0.599964586642351,0.604942834565231,-0.459666380227949
0.418701962529771,0.830179452251438,-2.35261751018921,4.89112944882276,-6.18840040411052,0.706666666666667,0.605,0,0.706607507677322,0.604929752036578,-0.555688263421713
0.466013637001874,0.786134647727415,-1.96056706449496,4.27030402222298,-5.51932036156876,0.72,0.5,0,0.719952259922784,0.499953579095805,-0.449923223056361
0.425974096228363,0.823964121217203,-1.68092929069068,3.78057468172506,-4.96254668517758,0.65,0.5,0,0.649965426506816,0.499960152842149,-0.381627951554411
0.361830057598327,0.724652922297327,-2.35619310802909,4.89637253419344,-6.19380443832186,0.65,0.5,-0.785398163397448,0.649999730995191,0.500000078366534,-0.556722792996581